﻿<?xml version="1.0" encoding="utf-8"?>
<ModMetaData>
  <name>Joint Battles</name>
  <author>SalmonToastie, Taranchuk</author>
  <packageId>SalmonToastie.JointBattles</packageId>
  <supportedVersions>
    <li>1.2</li>
    <li>1.3</li>
    <li>1.4</li>
  </supportedVersions>
  <loadAfter>
    <li>brrainz.harmony</li>
  </loadAfter>
  <modDependencies>
    <li>
      <packageId>brrainz.harmony</packageId>
      <displayName>Harmony</displayName>
      <steamWorkshopUrl>steam://url/CommunityFilePage/2009463077</steamWorkshopUrl>
      <downloadUrl>https://github.com/pardeike/HarmonyRimWorld/releases/latest</downloadUrl>
    </li>
  </modDependencies>
  <description>Your allies call upon you at long last. Finally you can raid enemy bases with some support and ambush enemies in the wilderness.</description>
</ModMetaData>