﻿<?xml version="1.0" encoding="utf-8"?>
<Defs>
  <SitePartDef>
    <defName>BQ_Battlefield</defName>
    <label>battlefield</label>
    <description>A battlefield.</description>
    <workerClass>BattleQuests.SitePartWorker_Battlefield</workerClass>
    <siteTexture>World/WorldObjects/Sites/AlliedBattle</siteTexture>
    <expandingIconTexture>World/WorldObjects/Sites/AlliedBattle</expandingIconTexture>
    <handlesWorldObjectTimeoutInspectString>true</handlesWorldObjectTimeoutInspectString>
    <wantsThreatPoints>true</wantsThreatPoints>
    <tags>
      <li>BQ_Battlefield</li>
    </tags>
  </SitePartDef>
  <GenStepDef>
    <defName>BQ_Battlefield</defName>
    <linkWithSite>BQ_Battlefield</linkWithSite>
    <order>460</order>
    <genStep Class="BattleQuests.GenStep_Battlefield">
    </genStep>
  </GenStepDef>
</Defs>