<?xml version="1.0" encoding="utf-8" ?>
<Defs>
  
  <SitePartDef ParentName="Outpost">
    <defName>BQ_AllyVSBanditCamp</defName>
    <label>bandit camp</label>
    <description>A bandit camp.</description>
	<workerClass>BattleQuests.SitePartWorker_BanditCamp</workerClass>
    <tags Inherit="False">
      <li>BQ_AllyVSBanditCamp</li>
    </tags>
  </SitePartDef>

  <GenStepDef>
    <defName>BQ_AllyVSBanditCamp</defName>
    <linkWithSite>BQ_AllyVSBanditCamp</linkWithSite>
    <order>450</order>
    <genStep Class="BattleQuests.GenStep_BanditCamp"/>
  </GenStepDef>

  <GenStepDef>
    <defName>BQ_AllyVSBanditCampPower</defName>
    <linkWithSite>BQ_AllyVSBanditCamp</linkWithSite>
    <order>451</order>
    <genStep Class="GenStep_Power"/>
  </GenStepDef>

</Defs>
