﻿<?xml version="1.0" encoding="utf-8" ?>
<Defs>

  <QuestScriptDef>
    <defName>BQ_OpportunitySite_AttackOnEnemyBase</defName>
    <rootSelectionWeight>1.0</rootSelectionWeight>
    <rootMinPoints>350</rootMinPoints>
    <canGiveRoyalFavor>true</canGiveRoyalFavor>
    <expireDaysRange>4~8</expireDaysRange>
    <questNameRules>
      <rulesStrings>
        <li>questName(challengeRating==1)->[asker_faction_name]'s call for help.</li>
        <li>questName(challengeRating==2)->[asker_faction_name]'s call for help.</li>
        <li>questName(challengeRating==3)->[asker_faction_name]'s call for help.</li>
      </rulesStrings>
    </questNameRules>
    <questDescriptionRules>
      <rulesStrings>
		<li>questDescription(challengeRating==1)->The [asker_faction_name] requests your assistance in destroying [site_label]'s [siteFaction_name] base.</li>
		<li>questDescription(challengeRating==2)->The [asker_faction_name] requests your assistance in destroying [site_label]'s [siteFaction_name] base.</li>
		<li>questDescription(challengeRating==3)->The [asker_faction_name] requests your assistance in destroying [site_label]'s [siteFaction_name] base.</li>
      </rulesStrings>
    </questDescriptionRules>
    <root Class="QuestNode_Sequence">
      <nodes>
        <li Class="QuestNode_SubScript">
          <def>Util_RandomizePointsChallengeRating</def>
        </li>
        <li Class="QuestNode_SubScript">
          <def>Util_AdjustPointsForDistantFight</def>
        </li>
        <li Class="QuestNode_GetMap" />

        <li Class="QuestNode_IsSet">
          <name>asker</name>
          <elseNode Class="QuestNode_RandomNode">
            <nodes>
              <li Class="QuestNode_GetPawn">
                <storeAs>asker</storeAs>
                <mustBeFactionLeader>true</mustBeFactionLeader>
                <mustBeNonHostileToPlayer>true</mustBeNonHostileToPlayer>
                <hostileWeight>0.15</hostileWeight>
                <selectionWeight>0.6</selectionWeight>
              </li>
            </nodes>
          </elseNode>
        </li>

        <li Class="BattleQuests.QuestNode_GetNearbyEnemyBase">
          <maxTileDistance>62</maxTileDistance>
          <storeAs>site</storeAs>
		  <storeFactionAs>siteFaction</storeFactionAs>
          <storeFactionLeaderAs>enemyLeader</storeFactionLeaderAs>
		  <mustBeHostileToFactionOf>$asker</mustBeHostileToFactionOf>
        </li>

        <li Class="QuestNode_Signal">
          <inSignal>site.MapGenerated</inSignal>
          <node Class="BattleQuests.QuestNode_SpawnAllyPawns">
          </node>
        </li>
		
        <li Class="QuestNode_WorldObjectTimeout">
          <worldObject>$site</worldObject>
          <isQuestTimeout>true</isQuestTimeout>
          <delayTicks>$(randInt(12,28)*60000)</delayTicks>
          <inSignalDisable>site.MapGenerated</inSignalDisable>
          <node Class="QuestNode_Sequence">
            <nodes>
              <li Class="QuestNode_Letter">
                <label TKey="LetterLabelQuestExpired">Quest expired: [resolvedQuestName]</label>
                <text TKey="LetterTextQuestExpired">The bandit camp has packed up and moved on. The quest [resolvedQuestName] has expired.</text>
              </li>
              <li Class="QuestNode_End">
                <outcome>Fail</outcome>
              </li>
            </nodes>
          </node>
        </li>

        <li Class="QuestNode_Signal">
          <inSignal>site.AllEnemiesDefeated</inSignal>
          <node Class="QuestNode_GiveRewards">
            <parms>
              <allowGoodwill>true</allowGoodwill>
              <allowRoyalFavor>true</allowRoyalFavor>
              <chosenPawnSignal>ChosenPawnForReward</chosenPawnSignal>
            </parms>
            <addCampLootReward>true</addCampLootReward>
            <customLetterLabel TKey="LetterLabelPaymentArrived">Reward arrived</customLetterLabel>
            <customLetterText TKey="LetterTextPaymentArrived">You have defeated the enemy base!\n\nThe reward from [asker_faction_name] has arrived.</customLetterText>
            <nodeIfChosenPawnSignalUsed Class="QuestNode_Letter">
              <letterDef>ChoosePawn</letterDef>
              <label TKey="LetterLabelFavorReceiver">[asker_faction_royalFavorLabel]</label>
              <text TKey="LetterTextFavorReceiver">These colonists participated in the victory for the quest [resolvedQuestName]. [asker_definite] wants to know who should receive the [royalFavorReward_amount] [asker_faction_royalFavorLabel] for this service.</text>
              <useColonistsOnMap>$site</useColonistsOnMap>
              <chosenPawnSignal>ChosenPawnForReward</chosenPawnSignal>
            </nodeIfChosenPawnSignalUsed>
          </node>
        </li>
        <li Class="QuestNode_End">
          <inSignal>site.AllEnemiesDefeated</inSignal>
          <outcome>Success</outcome>
        </li>
		
        <!-- If we enter and leave, the map is destroyed. Fail the quest. -->
        <li Class="QuestNode_Signal">
          <inSignal>site.Destroyed</inSignal>
          <node Class="QuestNode_Sequence">
            <nodes>
              <li Class="QuestNode_Letter">
                <label TKey="LetterLabelQuestFailed">Quest failed: [resolvedQuestName]</label>
                <text TKey="LetterTextQuestFailed">After being discovered, the bandit camp has dispersed. The quest [resolvedQuestName] has ended.</text>
              </li>
              <li Class="QuestNode_End">
                <outcome>Fail</outcome>
              </li>
            </nodes>
          </node>
        </li>

      </nodes>
    </root>
  </QuestScriptDef>
</Defs>