﻿<?xml version="1.0" encoding="utf-8" ?>
<Defs>
  <QuestScriptDef>
    <defName>BQ_OpportunitySite_AllyCallForHelp</defName>
    <rootSelectionWeight>0.4</rootSelectionWeight>
    <rootMinPoints>350</rootMinPoints>
    <expireDaysRange>4~8</expireDaysRange>
    <questNameRules>
      <rulesStrings>
        <li>questName(challengeRating==1)->[asker_faction_name]'s call for help. This is a small ambush</li>
        <li>questName(challengeRating==2)->[asker_faction_name]'s call for help. This is a moderate faceoff</li>
        <li>questName(challengeRating==3)->[asker_faction_name]'s call for help. This is a large scale engagement</li>
      </rulesStrings>
    </questNameRules>
    <questDescriptionRules>
      <rulesStrings>
		<li>questDescription(challengeRating==1)->The [asker_faction_name] scouts have discovered a group of [siteFaction_name], they are requesting your assistance in an ambush.</li>
		<li>questDescription(challengeRating==2)->The [asker_faction_name] scouts have discovered a large group of [siteFaction_name], they are requesting your assistance in a faceoff.</li>
		<li>questDescription(challengeRating==3)->The [asker_faction_name] has forces moving to intercept [siteFaction_name] large raid force. They are requesting assistance for this massive engagement.</li>
      </rulesStrings>
    </questDescriptionRules>
    <root Class="QuestNode_Sequence">
      <nodes>
        <li Class="QuestNode_SubScript">
          <def>Util_RandomizePointsChallengeRating</def>
        </li>
        <li Class="QuestNode_SubScript">
          <def>Util_GetDefaultRewardValueFromPoints</def>
        </li>
        <li Class="QuestNode_SubScript">
          <def>Util_AdjustPointsForDistantFight</def>
        </li>
		
        <li Class="QuestNode_GetMap" />

        <li Class="QuestNode_IsSet">
          <name>asker</name>
          <elseNode Class="QuestNode_RandomNode">
            <nodes>
              <li Class="QuestNode_GetPawn">
                <storeAs>asker</storeAs>
                <mustBeFactionLeader>true</mustBeFactionLeader>
                <mustBeNonHostileToPlayer>true</mustBeNonHostileToPlayer>
                <hostileWeight>0.15</hostileWeight>
                <selectionWeight>0.6</selectionWeight>
              </li>
            </nodes>
          </elseNode>
        </li>

        <li Class="QuestNode_GetSiteTile">
          <storeAs>siteTile</storeAs>
          <preferCloserTiles>true</preferCloserTiles>
        </li>

        <li Class="QuestNode_GetSitePartDefsByTagsAndFaction">
          <storeAs>sitePartDefs</storeAs>
          <storeFactionAs>siteFaction</storeFactionAs>
          <sitePartsTags>
            <li>
              <tag>BQ_Battlefield</tag>
            </li>
          </sitePartsTags>
        </li>

        <li Class="QuestNode_GetDefaultSitePartsParams">
          <tile>$siteTile</tile>
          <faction>$siteFaction</faction>
          <sitePartDefs>$sitePartDefs</sitePartDefs>
          <storeSitePartsParamsAs>sitePartsParams</storeSitePartsParamsAs>
        </li>

        <li Class="QuestNode_SubScript">
          <def>Util_GenerateSite</def>
          <parms>
            <hiddenSitePartsPossible>true</hiddenSitePartsPossible>
          </parms>
        </li>
        
        <li Class="QuestNode_SpawnWorldObjects">
          <worldObjects>$site</worldObjects>
        </li>

        <li Class="QuestNode_WorldObjectTimeout">
          <worldObject>$site</worldObject>
          <isQuestTimeout>true</isQuestTimeout>
          <delayTicks>$(randInt(12,28)*60000)</delayTicks>
          <inSignalDisable>site.MapGenerated</inSignalDisable>
          <node Class="QuestNode_Sequence">
            <nodes>
              <li Class="QuestNode_Letter">
                <label TKey="LetterLabelQuestExpired">Quest expired: [resolvedQuestName]</label>
                <text TKey="LetterTextQuestExpired">Intercepted communications indicate the item stash has been claimed by others. The quest [resolvedQuestName] has expired.</text>
              </li>
              <li Class="QuestNode_End">
                <outcome>Fail</outcome>
              </li>
            </nodes>
          </node>
        </li>

        <li Class="QuestNode_AddItemsReward">
          <items>$generatedItemStashThings</items>
          <inSignalChoiceUsed>site.MapGenerated</inSignalChoiceUsed>
        </li>

        <li Class="QuestNode_NoWorldObject">
          <worldObject>$site</worldObject>
          <node Class="QuestNode_End">
          </node>
        </li>
		
	<li Class="QuestNode_Signal">
          <inSignal>site.AllEnemiesDefeated</inSignal>
          <node Class="QuestNode_GiveRewards">
            <parms>
              <allowGoodwill>true</allowGoodwill>
              <allowRoyalFavor>true</allowRoyalFavor>
              <chosenPawnSignal>ChosenPawnForReward</chosenPawnSignal>
            </parms>
            <addCampLootReward>true</addCampLootReward>
            <customLetterLabel TKey="LetterLabelPaymentArrived">Reward arrived</customLetterLabel>
            <customLetterText TKey="LetterTextPaymentArrived">You have defeated the enemy forces!\n\nThe reward from [asker_faction_name] has arrived.</customLetterText>
            <nodeIfChosenPawnSignalUsed Class="QuestNode_Letter">
              <letterDef>ChoosePawn</letterDef>
              <label TKey="LetterLabelFavorReceiver">[asker_faction_royalFavorLabel]</label>
              <text TKey="LetterTextFavorReceiver">These colonists participated in the victory for the quest [resolvedQuestName]. [asker_definite] wants to know who should receive the [royalFavorReward_amount] [asker_faction_royalFavorLabel] for this service.</text>
              <useColonistsOnMap>$site</useColonistsOnMap>
              <chosenPawnSignal>ChosenPawnForReward</chosenPawnSignal>
            </nodeIfChosenPawnSignalUsed>
          </node>
        </li>
        <li Class="QuestNode_End">
          <inSignal>site.AllEnemiesDefeated</inSignal>
          <outcome>Success</outcome>
        </li>
      </nodes>
    </root>
  </QuestScriptDef>
</Defs>